item_key,reason
4VY27Q9V,fetch_failed: HTTP 404: Item does not exist
7LNIKEUR,fetch_failed: HTTP 404: Item does not exist
WU93YN4C,fetch_failed: HTTP 404: Item does not exist
4I8VR2A3,fetch_failed: HTTP 404: Item does not exist
SMI3J6A3,fetch_failed: HTTP 404: Item does not exist
PYE726KC,fetch_failed: HTTP 404: Item does not exist
DLDTMJ4F,fetch_failed: HTTP 404: Item does not exist
TNYTQVXS,fetch_failed: HTTP 404: Item does not exist
7NHJZXE5,fetch_failed: HTTP 404: Item does not exist
2DBH5DZZ,fetch_failed: HTTP 404: Item does not exist
V3MUINT9,fetch_failed: HTTP 404: Item does not exist
HY6RHYEZ,fetch_failed: HTTP 404: Item does not exist
AIGAERLY,fetch_failed: HTTP 404: Item does not exist
VHNA99X5,fetch_failed: HTTP 404: Item does not exist
R67C967U,fetch_failed: HTTP 404: Item does not exist
TMB9LNM5,fetch_failed: HTTP 404: Item does not exist
K4GS2WTF,fetch_failed: HTTP 404: Item does not exist
9HBPQR4K,fetch_failed: HTTP 404: Item does not exist
VTQFFTNL,fetch_failed: HTTP 404: Item does not exist
VLI3E9A5,fetch_failed: HTTP 404: Item does not exist
I4VMNXDG,fetch_failed: HTTP 404: Item does not exist
FMTDR5IQ,fetch_failed: HTTP 404: Item does not exist
YGDY2WR5,fetch_failed: HTTP 404: Item does not exist
JYKWZE48,fetch_failed: HTTP 404: Item does not exist
YSQTR7RN,fetch_failed: HTTP 404: Item does not exist
JLTM2UG7,fetch_failed: HTTP 404: Item does not exist
VQC9XHUI,fetch_failed: HTTP 404: Item does not exist
QMHCLTVK,fetch_failed: HTTP 404: Item does not exist
JZDN9KPF,fetch_failed: HTTP 404: Item does not exist
364YXBQ2,fetch_failed: HTTP 404: Item does not exist
UM5BK5EP,fetch_failed: HTTP 404: Item does not exist
QY9SFMQ3,fetch_failed: HTTP 404: Item does not exist
SXAHIFXP,fetch_failed: HTTP 404: Item does not exist
EMSP83BK,fetch_failed: HTTP 404: Item does not exist
47EP9JZC,fetch_failed: HTTP 404: Item does not exist
KMJVJXDX,fetch_failed: HTTP 404: Item does not exist
RPL3WN5U,fetch_failed: HTTP 404: Item does not exist
KXQ3J6V9,fetch_failed: HTTP 404: Item does not exist
VYR2QQH7,fetch_failed: HTTP 404: Item does not exist
NDVYUDNE,fetch_failed: HTTP 404: Item does not exist
KNYSYNZB,fetch_failed: HTTP 404: Item does not exist
N39B2CLV,fetch_failed: HTTP 404: Item does not exist
9K6TP8GN,fetch_failed: HTTP 404: Item does not exist
7RPFGMLB,fetch_failed: HTTP 404: Item does not exist
D6ZZQU8X,fetch_failed: HTTP 404: Item does not exist
NKC5NSMS,fetch_failed: HTTP 404: Item does not exist
X4C3M85E,fetch_failed: HTTP 404: Item does not exist
W7X58NC6,fetch_failed: HTTP 404: Item does not exist
JJYJ5W3G,fetch_failed: HTTP 404: Item does not exist
E996WXB5,fetch_failed: HTTP 404: Item does not exist
LEM44IDQ,fetch_failed: HTTP 404: Item does not exist
6S95JI4S,fetch_failed: HTTP 404: Item does not exist
XKESQJSV,fetch_failed: HTTP 404: Item does not exist
PTTRADKY,fetch_failed: HTTP 404: Item does not exist
6B92M3P3,fetch_failed: HTTP 404: Item does not exist
BAWLFVE8,fetch_failed: HTTP 404: Item does not exist
U7DT8CY4,fetch_failed: HTTP 404: Item does not exist
H2JUCLNZ,fetch_failed: HTTP 404: Item does not exist
5XSTB5T8,fetch_failed: HTTP 404: Item does not exist
2SYWTXHS,fetch_failed: HTTP 404: Item does not exist
GN94JUY7,fetch_failed: HTTP 404: Item does not exist
EBJ92F88,fetch_failed: HTTP 404: Item does not exist
EJLXBKGF,fetch_failed: HTTP 404: Item does not exist
IFWL324P,fetch_failed: HTTP 404: Item does not exist
7RVWWHBP,fetch_failed: HTTP 404: Item does not exist
NV37JJGN,fetch_failed: HTTP 404: Item does not exist
FYS9DACX,fetch_failed: HTTP 404: Item does not exist
56VI8VXJ,fetch_failed: HTTP 404: Item does not exist
NHR4JA5W,fetch_failed: HTTP 404: Item does not exist
ME6RSRRJ,fetch_failed: HTTP 404: Item does not exist
LYJD2AKJ,fetch_failed: HTTP 404: Item does not exist
WHPYNQM3,fetch_failed: HTTP 404: Item does not exist
NXY3FKDS,fetch_failed: HTTP 404: Item does not exist
ZLXER7JM,fetch_failed: HTTP 404: Item does not exist
CDHW6FFB,fetch_failed: HTTP 404: Item does not exist
5IWDTIPW,fetch_failed: HTTP 404: Item does not exist
7M6UQVTV,fetch_failed: HTTP 404: Item does not exist
GNE72DZ2,fetch_failed: HTTP 404: Item does not exist
9JIK4FYM,fetch_failed: HTTP 404: Item does not exist
