item_key,attach_key,citation,year,title,filename,txt_path,exists,bytes
R2QMVNXI,CS6Q52AM,Chang 2025,2025,Coding with AI: from a reflection on industrial practices to future computer science and software engineering education,Chang_et_al._-_2025_-_Coding_with_AI_from_a_reflection_on_industrial_practices_to_future_computer_science_and_software_e.txt,/Users/scott/Zotero/storage/CS6Q52AM/Chang_et_al._-_2025_-_Coding_with_AI_from_a_reflection_on_industrial_practices_to_future_computer_science_and_software_e.txt,1,76016
A6ZE2A26,U92W9S9W,Ullah 2026,2026,Vibe coding on trial: operating characteristics of unanimous LLM juries,Ullah_and_Serwadda_-_2026_-_Vibe_coding_on_trial_operating_characteristics_of_unanimous_LLM_juries.txt,/Users/scott/Zotero/storage/U92W9S9W/Ullah_and_Serwadda_-_2026_-_Vibe_coding_on_trial_operating_characteristics_of_unanimous_LLM_juries.txt,1,42114
GAD5Z8PV,5XQ653UI,Vargas 2025,2025,"SLEAN: simple lightweight ensemble analysis network for multi-provider LLM coordination: design, implementation, and vibe coding bug investigation case study",Vargas_-_2025_-_SLEAN_simple_lightweight_ensemble_analysis_network_for_multi-provider_LLM_coordination_design_imp.txt,/Users/scott/Zotero/storage/5XQ653UI/Vargas_-_2025_-_SLEAN_simple_lightweight_ensemble_analysis_network_for_multi-provider_LLM_coordination_design_imp.txt,1,63348
TA6GIUK2,VX36SWXC,Zietsman 2026,2026,The specification as quality gate: three hypotheses on AI-assisted code review,Zietsman_-_2026_-_The_specification_as_quality_gate_three_hypotheses_on_AI-assisted_code_review.txt,/Users/scott/Zotero/storage/VX36SWXC/Zietsman_-_2026_-_The_specification_as_quality_gate_three_hypotheses_on_AI-assisted_code_review.txt,1,42835
3SU9QZ6F,RIXZUSC5,Parris 2026,2026,AIRA: AI-induced risk audit: a structured inspection framework for AI-generated code,Parris_-_2026_-_AIRA_AI-induced_risk_audit_a_structured_inspection_framework_for_AI-generated_code.txt,/Users/scott/Zotero/storage/RIXZUSC5/Parris_-_2026_-_AIRA_AI-induced_risk_audit_a_structured_inspection_framework_for_AI-generated_code.txt,1,48231
96XE669R,XAAJ7ESS,Zhong 2025,2025,Vibe checker: aligning code evaluation with human preference,Zhong_et_al._-_2025_-_Vibe_checker_aligning_code_evaluation_with_human_preference.txt,/Users/scott/Zotero/storage/XAAJ7ESS/Zhong_et_al._-_2025_-_Vibe_checker_aligning_code_evaluation_with_human_preference.txt,1,94416
BAWCBT9R,MSM62PT7,Zhao 2026,2026,Bias in the loop: auditing LLM-as-a-judge for software engineering,Zhao_et_al._-_2026_-_Bias_in_the_loop_auditing_LLM-as-a-judge_for_software_engineering.txt,/Users/scott/Zotero/storage/MSM62PT7/Zhao_et_al._-_2026_-_Bias_in_the_loop_auditing_LLM-as-a-judge_for_software_engineering.txt,1,121011
MFSZPSPU,UVD4W4E5,Shi 2025,2025,Towards a human-in-the-loop framework for reliable patch evaluation using an LLM-as-a-judge,Shi_et_al._-_2025_-_Towards_a_human-in-the-loop_framework_for_reliable_patch_evaluation_using_an_LLM-as-a-judge.txt,/Users/scott/Zotero/storage/UVD4W4E5/Shi_et_al._-_2025_-_Towards_a_human-in-the-loop_framework_for_reliable_patch_evaluation_using_an_LLM-as-a-judge.txt,1,55692
T8E8SCCG,WRURW7TV,Xie 2026,2026,VibeGuard: a security gate framework for AI-generated code,Xie_-_2026_-_VibeGuard_a_security_gate_framework_for_AI-generated_code.txt,/Users/scott/Zotero/storage/WRURW7TV/Xie_-_2026_-_VibeGuard_a_security_gate_framework_for_AI-generated_code.txt,1,22696
UIXCRBQX,GMKGXIED,Ferdous 2026,2026,"Safer builders, risky maintainers: a comparative study of breaking changes in human vs agentic PRs",Ferdous_et_al._-_2026_-_Safer_builders_risky_maintainers_a_comparative_study_of_breaking_changes_in_human_vs_agentic_PRs.txt,/Users/scott/Zotero/storage/GMKGXIED/Ferdous_et_al._-_2026_-_Safer_builders_risky_maintainers_a_comparative_study_of_breaking_changes_in_human_vs_agentic_PRs.txt,1,25817
5DI9B43K,9CIT2NJX,Sistla 2025,2025,Towards verified code reasoning by LLMs,Sistla_et_al._-_2025_-_Towards_verified_code_reasoning_by_LLMs.txt,/Users/scott/Zotero/storage/9CIT2NJX/Sistla_et_al._-_2025_-_Towards_verified_code_reasoning_by_LLMs.txt,1,124034
T72TU8B5,K99BC235,Shukla 2026,2026,Hedwig: dynamic autonomy for coding agents under local oversight,Shukla_et_al._-_2026_-_Hedwig_dynamic_autonomy_for_coding_agents_under_local_oversight.txt,/Users/scott/Zotero/storage/K99BC235/Shukla_et_al._-_2026_-_Hedwig_dynamic_autonomy_for_coding_agents_under_local_oversight.txt,1,44258
72W6R4JG,JT2QNTWD,Töpfer 2026,2026,"Vibe-coding: feedback-based automated verification with no human code inspection, a feasibility study",T_pfer_et_al._-_2026_-_Vibe-coding_feedback-based_automated_verification_with_no_human_code_inspection_a_feasibility_stu.txt,/Users/scott/Zotero/storage/JT2QNTWD/T_pfer_et_al._-_2026_-_Vibe-coding_feedback-based_automated_verification_with_no_human_code_inspection_a_feasibility_stu.txt,1,28100
UDVHQ5HR,35QRCZPV,Jin 2025,2025,Uncovering systematic failures of LLMs in verifying code against natural language specifications,Jin_and_Chen_-_2025_-_Uncovering_systematic_failures_of_LLMs_in_verifying_code_against_natural_language_specifications.txt,/Users/scott/Zotero/storage/35QRCZPV/Jin_and_Chen_-_2025_-_Uncovering_systematic_failures_of_LLMs_in_verifying_code_against_natural_language_specifications.txt,1,32580
TF56EPIP,XB9IZWCM,Navneet 2025,2025,Rethinking autonomy: preventing failures in AI-driven software engineering,Navneet_and_Chandra_-_2025_-_Rethinking_autonomy_preventing_failures_in_AI-driven_software_engineering.txt,/Users/scott/Zotero/storage/XB9IZWCM/Navneet_and_Chandra_-_2025_-_Rethinking_autonomy_preventing_failures_in_AI-driven_software_engineering.txt,1,97126
6NTZ85CW,DTDBXDVH,David 2025,2025,Multi-agent penetration testing AI for the web,David_and_Gervais_-_2025_-_Multi-agent_penetration_testing_AI_for_the_web.txt,/Users/scott/Zotero/storage/DTDBXDVH/David_and_Gervais_-_2025_-_Multi-agent_penetration_testing_AI_for_the_web.txt,1,68499
C88VGWMI,AGV67NJQ,Marri 2026,2026,Constitutional spec-driven development: enforcing security by construction in AI-assisted code generation,Marri_-_2026_-_Constitutional_spec-driven_development_enforcing_security_by_construction_in_AI-assisted_code_gener.txt,/Users/scott/Zotero/storage/AGV67NJQ/Marri_-_2026_-_Constitutional_spec-driven_development_enforcing_security_by_construction_in_AI-assisted_code_gener.txt,1,45503
E95T8E88,HV4AP3TI,Watanabe 2026,2026,What to cut? Predicting unnecessary methods in agentic code generation,Watanabe_et_al._-_2026_-_What_to_cut_Predicting_unnecessary_methods_in_agentic_code_generation.txt,/Users/scott/Zotero/storage/HV4AP3TI/Watanabe_et_al._-_2026_-_What_to_cut_Predicting_unnecessary_methods_in_agentic_code_generation.txt,1,27441
7V7SRG43,KF4NK8ZV,Tang 2024,2024,CodeAgent: autonomous communicative agents for code review,Tang_et_al._-_2024_-_CodeAgent_autonomous_communicative_agents_for_code_review.txt,/Users/scott/Zotero/storage/KF4NK8ZV/Tang_et_al._-_2024_-_CodeAgent_autonomous_communicative_agents_for_code_review.txt,1,121394
QWHE9EXH,87VKJV2S,Shinde 2026,2026,STELP: secure transpilation and execution of LLM-generated programs,Shinde_et_al._-_2026_-_STELP_secure_transpilation_and_execution_of_LLM-generated_programs.txt,/Users/scott/Zotero/storage/87VKJV2S/Shinde_et_al._-_2026_-_STELP_secure_transpilation_and_execution_of_LLM-generated_programs.txt,1,56074
ZUM76CCG,QFMPV7PI,Otten 2026,2026,Generative AI in systems engineering: a framework for risk assessment of large language models,Otten_et_al._-_2026_-_Generative_AI_in_systems_engineering_a_framework_for_risk_assessment_of_large_language_models.txt,/Users/scott/Zotero/storage/QFMPV7PI/Otten_et_al._-_2026_-_Generative_AI_in_systems_engineering_a_framework_for_risk_assessment_of_large_language_models.txt,1,35082
TJH7QFAX,M99D6WNN,Borg 2026,2026,"Code for machines, not just humans: quantifying AI-friendliness with code health metrics",Borg_et_al._-_2026_-_Code_for_machines_not_just_humans_quantifying_AI-friendliness_with_code_health_metrics.txt,/Users/scott/Zotero/storage/M99D6WNN/Borg_et_al._-_2026_-_Code_for_machines_not_just_humans_quantifying_AI-friendliness_with_code_health_metrics.txt,1,64052
3ZVMBGPB,ICUD94AF,Kamalı 2026,2026,Rethinking code review in the age of AI: a vision for agentic code review,Kamal_et_al._-_2026_-_Rethinking_code_review_in_the_age_of_AI_a_vision_for_agentic_code_review.txt,/Users/scott/Zotero/storage/ICUD94AF/Kamal_et_al._-_2026_-_Rethinking_code_review_in_the_age_of_AI_a_vision_for_agentic_code_review.txt,1,222429
JCTP8VXP,5E5J6AWN,Ma 2026,2026,ZORO: active rules for reliable vibe coding,Ma_et_al._-_2026_-_ZORO_active_rules_for_reliable_vibe_coding.txt,/Users/scott/Zotero/storage/5E5J6AWN/Ma_et_al._-_2026_-_ZORO_active_rules_for_reliable_vibe_coding.txt,1,94675
X7EN6DXZ,SD6Q9GAJ,Mitropoulos 2026,2026,Measuring and exploiting contextual bias in LLM-assisted security code review,Mitropoulos_et_al._-_2026_-_Measuring_and_exploiting_contextual_bias_in_LLM-assisted_security_code_review.txt,/Users/scott/Zotero/storage/SD6Q9GAJ/Mitropoulos_et_al._-_2026_-_Measuring_and_exploiting_contextual_bias_in_LLM-assisted_security_code_review.txt,1,83261
RX9SICP9,GPBC98MF,Moreira 2026,2026,IACDM: interactive adversarial convergence development methodology -- a structured framework for AI-assisted software development,Moreira_-_2026_-_IACDM_interactive_adversarial_convergence_development_methodology_--_a_structured_framework_for_AI-.txt,/Users/scott/Zotero/storage/GPBC98MF/Moreira_-_2026_-_IACDM_interactive_adversarial_convergence_development_methodology_--_a_structured_framework_for_AI-.txt,1,62791
I6FZ5GD2,M3V53ZTU,Wang 2025,2025,Illuminating LLM coding agents: visual analytics for deeper understanding and enhancement,Wang_et_al._-_2025_-_Illuminating_LLM_coding_agents_visual_analytics_for_deeper_understanding_and_enhancement.txt,/Users/scott/Zotero/storage/M3V53ZTU/Wang_et_al._-_2025_-_Illuminating_LLM_coding_agents_visual_analytics_for_deeper_understanding_and_enhancement.txt,1,73944
UB2EVUFU,6CUTGJ43,Lyu 2026,2026,Self-organizing multi-agent systems for continuous software development,Lyu_et_al._-_2026_-_Self-organizing_multi-agent_systems_for_continuous_software_development.txt,/Users/scott/Zotero/storage/6CUTGJ43/Lyu_et_al._-_2026_-_Self-organizing_multi-agent_systems_for_continuous_software_development.txt,1,77450
5RLPIA3K,4G8TGI3B,Eric Swidey 2026,2026,Adversarial verification as reference architecture for EU AI act article 14 compliance in employment AI,Eric_Swidey_-_2026_-_Adversarial_verification_as_reference_architecture_for_EU_AI_act_article_14_compliance_in_employmen.txt,/Users/scott/Zotero/storage/4G8TGI3B/Eric_Swidey_-_2026_-_Adversarial_verification_as_reference_architecture_for_EU_AI_act_article_14_compliance_in_employmen.txt,1,18439
4PSM6ZCD,EGK95498,Zhao 2025,2025,Is vibe coding safe? Benchmarking vulnerability of agent-generated code in real-world tasks,Zhao_et_al._-_2025_-_Is_vibe_coding_safe_Benchmarking_vulnerability_of_agent-generated_code_in_real-world_tasks.txt,/Users/scott/Zotero/storage/EGK95498/Zhao_et_al._-_2025_-_Is_vibe_coding_safe_Benchmarking_vulnerability_of_agent-generated_code_in_real-world_tasks.txt,1,88104
XRTVITVP,7V29XTV6,Zhou 2026,2026,Steering LLMs via scalable interactive oversight,Zhou_et_al._-_2026_-_Steering_LLMs_via_scalable_interactive_oversight.txt,/Users/scott/Zotero/storage/7V29XTV6/Zhou_et_al._-_2026_-_Steering_LLMs_via_scalable_interactive_oversight.txt,1,106886
VFNJSZD9,QUK5VCQI,Michel Hjazeen 2026,2026,Beyond SAST and DAST: a unified security testing architecture for autonomous coding agents,Michel_Hjazeen_-_2026_-_Beyond_SAST_and_DAST_a_unified_security_testing_architecture_for_autonomous_coding_agents.txt,/Users/scott/Zotero/storage/QUK5VCQI/Michel_Hjazeen_-_2026_-_Beyond_SAST_and_DAST_a_unified_security_testing_architecture_for_autonomous_coding_agents.txt,1,47864
4T5QFWZE,4DBHP49B,Huang 2026,2026,"More code, less reuse: investigating code quality and reviewer sentiment towards AI-generated pull requests",Huang_et_al._-_2026_-_More_code_less_reuse_investigating_code_quality_and_reviewer_sentiment_towards_AI-generated_pull_r.txt,/Users/scott/Zotero/storage/4DBHP49B/Huang_et_al._-_2026_-_More_code_less_reuse_investigating_code_quality_and_reviewer_sentiment_towards_AI-generated_pull_r.txt,1,26511
6F3S8IB7,K46353SJ,Bara 2026,2026,HAIF: a human-AI integration framework for hybrid team operations,Bara_-_2026_-_HAIF_a_human-AI_integration_framework_for_hybrid_team_operations.txt,/Users/scott/Zotero/storage/K46353SJ/Bara_-_2026_-_HAIF_a_human-AI_integration_framework_for_hybrid_team_operations.txt,1,62710
9R6TGN82,B6BI87PK,Yao 2025,2025,Training language models to generate quality code with program analysis feedback,Yao_et_al._-_2025_-_Training_language_models_to_generate_quality_code_with_program_analysis_feedback.txt,/Users/scott/Zotero/storage/B6BI87PK/Yao_et_al._-_2025_-_Training_language_models_to_generate_quality_code_with_program_analysis_feedback.txt,1,52989
T3XTXIXW,XI5493WU,Li 2025,2025,CoTDeceptor:adversarial code obfuscation against CoT-enhanced LLM code agents,Li_et_al._-_2025_-_CoTDeceptoradversarial_code_obfuscation_against_CoT-enhanced_LLM_code_agents.txt,/Users/scott/Zotero/storage/XI5493WU/Li_et_al._-_2025_-_CoTDeceptoradversarial_code_obfuscation_against_CoT-enhanced_LLM_code_agents.txt,1,68256
RPHK78A9,2WP9FG5I,Kim 2025,2025,"Vibe Coding: Building Production-Grade Software with GenAI, Chat, Agents, and Beyond",Kim_and_Yegge_-_2025_-_Vibe_Coding_Building_Production-Grade_Software_with_GenAI_Chat_Agents_and_Beyond.txt,/Users/scott/Zotero/storage/2WP9FG5I/Kim_and_Yegge_-_2025_-_Vibe_Coding_Building_Production-Grade_Software_with_GenAI_Chat_Agents_and_Beyond.txt,1,693577
XJAXB98T,5ADWXE7V,Yang 2026,2026,Beyond banning AI: a first look at GenAI governance in open source software communities,Yang_et_al._-_2026_-_Beyond_banning_AI_a_first_look_at_GenAI_governance_in_open_source_software_communities.txt,/Users/scott/Zotero/storage/5ADWXE7V/Yang_et_al._-_2026_-_Beyond_banning_AI_a_first_look_at_GenAI_governance_in_open_source_software_communities.txt,1,76492
2KPHQ5IV,F724FCTI,Wang 2026,2026,Scaling human-AI coding collaboration requires a governable consensus layer,Wang_et_al._-_2026_-_Scaling_human-AI_coding_collaboration_requires_a_governable_consensus_layer.txt,/Users/scott/Zotero/storage/F724FCTI/Wang_et_al._-_2026_-_Scaling_human-AI_coding_collaboration_requires_a_governable_consensus_layer.txt,1,39230
5BAZZWHG,9CU2TM94,Catalan 2026,2026,"""I'm not reading all of that"": understanding software engineers' level of cognitive engagement with agentic coding assistants",Catalan_et_al._-_2026_-_I_m_not_reading_all_of_that_understanding_software_engineers_level_of_cognitive_engagement_with.txt,/Users/scott/Zotero/storage/9CU2TM94/Catalan_et_al._-_2026_-_I_m_not_reading_all_of_that_understanding_software_engineers_level_of_cognitive_engagement_with.txt,1,37413
QTJPLBYR,BUDWHX6C,Bilal Naqvi 2026,2026,Evaluating security and inclusivity in LLM-generated code: a controlled experiment,Bilal_Naqvi_et_al._-_2026_-_Evaluating_security_and_inclusivity_in_LLM-generated_code_a_controlled_experiment.txt,/Users/scott/Zotero/storage/BUDWHX6C/Bilal_Naqvi_et_al._-_2026_-_Evaluating_security_and_inclusivity_in_LLM-generated_code_a_controlled_experiment.txt,1,80426
VCI88UZD,34NQ42ZH,Enyedi 2026,2026,Human-certified module repositories for the AI age,Enyedi_-_2026_-_Human-certified_module_repositories_for_the_AI_age.txt,/Users/scott/Zotero/storage/34NQ42ZH/Enyedi_-_2026_-_Human-certified_module_repositories_for_the_AI_age.txt,1,72481
ID7IN65K,2ZFXNZ8W,Choudhuri 2026,2026,To copilot and beyond: 22 AI systems developers want built,Choudhuri_et_al._-_2026_-_To_copilot_and_beyond_22_AI_systems_developers_want_built.txt,/Users/scott/Zotero/storage/2ZFXNZ8W/Choudhuri_et_al._-_2026_-_To_copilot_and_beyond_22_AI_systems_developers_want_built.txt,1,99270
8AW26GFK,RUNB7866,Konrad 2026,2026,Architecture without architects: how AI coding agents shape software architecture,Konrad_et_al._-_2026_-_Architecture_without_architects_how_AI_coding_agents_shape_software_architecture.txt,/Users/scott/Zotero/storage/RUNB7866/Konrad_et_al._-_2026_-_Architecture_without_architects_how_AI_coding_agents_shape_software_architecture.txt,1,32691
QI8246A3,HJ3W98BM,Li 2025,2025,The rise of AI teammates in software engineering (SE) 3.0: how autonomous coding agents are reshaping software engineering,Li_et_al._-_2025_-_The_rise_of_AI_teammates_in_software_engineering_SE_3.0_how_autonomous_coding_agents_are_reshapin.txt,/Users/scott/Zotero/storage/HJ3W98BM/Li_et_al._-_2025_-_The_rise_of_AI_teammates_in_software_engineering_SE_3.0_how_autonomous_coding_agents_are_reshapin.txt,1,80461
DJHG9BBS,S2RGX2HE,Rasheed 2024,2024,AI-powered code review with LLMs: early results,Rasheed_et_al._-_2024_-_AI-powered_code_review_with_LLMs_early_results.txt,/Users/scott/Zotero/storage/S2RGX2HE/Rasheed_et_al._-_2024_-_AI-powered_code_review_with_LLMs_early_results.txt,1,25843
SHK6KAX6,GF9STE7C,Ghammam 2026,2026,"AI builds, we analyze: an empirical study of AI-generated build code quality",Ghammam_and_Almukhtar_-_2026_-_AI_builds_we_analyze_an_empirical_study_of_AI-generated_build_code_quality.txt,/Users/scott/Zotero/storage/GF9STE7C/Ghammam_and_Almukhtar_-_2026_-_AI_builds_we_analyze_an_empirical_study_of_AI-generated_build_code_quality.txt,1,32690
T2EG4BE2,U3SSGC24,Waseem 2025,2025,"Vibe coding in practice: flow, technical debt, and guidelines for sustainable use",Waseem_et_al._-_2025_-_Vibe_coding_in_practice_flow_technical_debt_and_guidelines_for_sustainable_use.txt,/Users/scott/Zotero/storage/U3SSGC24/Waseem_et_al._-_2025_-_Vibe_coding_in_practice_flow_technical_debt_and_guidelines_for_sustainable_use.txt,1,55031
WPWF7A32,C63G3SU7,Sharma 2025,2025,DevLicOps: a framework for mitigating licensing risks in AI-generated code,Sharma_et_al._-_2025_-_DevLicOps_a_framework_for_mitigating_licensing_risks_in_AI-generated_code.txt,/Users/scott/Zotero/storage/C63G3SU7/Sharma_et_al._-_2025_-_DevLicOps_a_framework_for_mitigating_licensing_risks_in_AI-generated_code.txt,1,46220
FWKYVQPD,BD3TPDRC,Irfan Samsyudin 2025,2025,Vibe coding and AI-led conversational programming: emerging trends in software development,Irfan_Samsyudin_-_2025_-_Vibe_coding_and_AI-led_conversational_programming_emerging_trends_in_software_development.txt,/Users/scott/Zotero/storage/BD3TPDRC/Irfan_Samsyudin_-_2025_-_Vibe_coding_and_AI-led_conversational_programming_emerging_trends_in_software_development.txt,1,22464
ZGST9CY6,BTSHNDQC,Liming Zhu 2025,2025,Designing meaningful human oversight in AI,Liming_Zhu_et_al._-_2025_-_Designing_meaningful_human_oversight_in_AI.txt,/Users/scott/Zotero/storage/BTSHNDQC/Liming_Zhu_et_al._-_2025_-_Designing_meaningful_human_oversight_in_AI.txt,1,66724
E9RAWBDT,9I9G3I3Q,Pimenova 2025,2025,"Good vibrations? A qualitative study of Co-creation, communication, flow, and trust in vibe coding",Pimenova_et_al._-_2025_-_Good_vibrations_A_qualitative_study_of_Co-creation_communication_flow_and_trust_in_vibe_coding.txt,/Users/scott/Zotero/storage/9I9G3I3Q/Pimenova_et_al._-_2025_-_Good_vibrations_A_qualitative_study_of_Co-creation_communication_flow_and_trust_in_vibe_coding.txt,1,107574
7SH86C2W,DTHPHAGZ,Lipsanen 2026,2026,Shift-up: a framework for software engineering guardrails in AI-native software development -- initial findings,Lipsanen_et_al._-_2026_-_Shift-up_a_framework_for_software_engineering_guardrails_in_AI-native_software_development_--_i.txt,/Users/scott/Zotero/storage/DTHPHAGZ/Lipsanen_et_al._-_2026_-_Shift-up_a_framework_for_software_engineering_guardrails_in_AI-native_software_development_--_i.txt,1,31124
LGZXFLSJ,T6SRP7K5,Hein 2025,2025,Causal mapping of the risks of using generative ai in software development,Hein_et_al._-_2025_-_Causal_mapping_of_the_risks_of_using_generative_ai_in_software_development.txt,/Users/scott/Zotero/storage/T6SRP7K5/Hein_et_al._-_2025_-_Causal_mapping_of_the_risks_of_using_generative_ai_in_software_development.txt,1,98535
NGIH5T4C,REW55WG3,Batte 2025,2025,The evolving landscape of code review: leveraging artificial intelligence for enhanced software quality and developer productivity,Batte_-_2025_-_The_evolving_landscape_of_code_review_leveraging_artificial_intelligence_for_enhanced_software_qual.txt,/Users/scott/Zotero/storage/REW55WG3/Batte_-_2025_-_The_evolving_landscape_of_code_review_leveraging_artificial_intelligence_for_enhanced_software_qual.txt,1,9387
WBS9U5N7,NXJ3ZZQW,Alami 2026,2026,Cognitive camouflage: specification gaming in LLM-generated code evades holistic evaluation but not adversarial execution,Alami_-_2026_-_Cognitive_camouflage_specification_gaming_in_LLM-generated_code_evades_holistic_evaluation_but_not.txt,/Users/scott/Zotero/storage/NXJ3ZZQW/Alami_-_2026_-_Cognitive_camouflage_specification_gaming_in_LLM-generated_code_evades_holistic_evaluation_but_not.txt,1,34885
HBR7QZ2C,C8KF4NRJ,Jackson 2025,2025,Designing a policy engine for agentic AI systems: from governance requirements to runtime enforcement,Jackson_-_2025_-_Designing_a_policy_engine_for_agentic_AI_systems_from_governance_requirements_to_runtime_enforcemen.txt,/Users/scott/Zotero/storage/C8KF4NRJ/Jackson_-_2025_-_Designing_a_policy_engine_for_agentic_AI_systems_from_governance_requirements_to_runtime_enforcemen.txt,1,60886
RG4A4D6K,8MMJ4PBI,N. Watson 2025,2025,From black box to open book: an emerging transparency imperative in generative AI codebases,N._Watson_and_M._Van_Italie_-_2025_-_From_black_box_to_open_book_an_emerging_transparency_imperative_in_generative_AI_co.txt,/Users/scott/Zotero/storage/8MMJ4PBI/N._Watson_and_M._Van_Italie_-_2025_-_From_black_box_to_open_book_an_emerging_transparency_imperative_in_generative_AI_co.txt,1,34842
E689ZAXC,BG4PZG94,Zhou 2026,2026,Review makes workers less likely to revise AI output,Zhou_and_Zhao_-_2026_-_Review_makes_workers_less_likely_to_revise_AI_output.txt,/Users/scott/Zotero/storage/BG4PZG94/Zhou_and_Zhao_-_2026_-_Review_makes_workers_less_likely_to_revise_AI_output.txt,1,33146
8KJEKBGT,3FW8S38N,Jensen 2024,2024,Software vulnerability and functionality assessment using LLMs,Jensen_et_al._-_2024_-_Software_vulnerability_and_functionality_assessment_using_LLMs.txt,/Users/scott/Zotero/storage/3FW8S38N/Jensen_et_al._-_2024_-_Software_vulnerability_and_functionality_assessment_using_LLMs.txt,1,27363
34ELRWJH,V5VATC5T,Goodhue 2025,2025,"The hidden legal minefield: how AI-assisted ""vibe coding"" amplifies software development risks and how technology can provide solutions",Goodhue_-_2025_-_The_hidden_legal_minefield_how_AI-assisted_vibe_coding_amplifies_software_development_risks_and_h.txt,/Users/scott/Zotero/storage/V5VATC5T/Goodhue_-_2025_-_The_hidden_legal_minefield_how_AI-assisted_vibe_coding_amplifies_software_development_risks_and_h.txt,1,32024
27YULT5I,4M3MEABF,Sharma 2026,2026,"The ethics of AI-assisted code migration in regulated financial systems: accountability, transparency, and human oversight in LLM-driven software conversion",Sharma_-_2026_-_The_ethics_of_AI-assisted_code_migration_in_regulated_financial_systems_accountability_transparenc.txt,/Users/scott/Zotero/storage/4M3MEABF/Sharma_-_2026_-_The_ethics_of_AI-assisted_code_migration_in_regulated_financial_systems_accountability_transparenc.txt,1,24841
JVWUYDME,SIZR82B8,Jessee 2026,2026,"Scapegoat-as-a-service: moving from ""human-in-the-loop"" to ""human-in-command"" in regulated systems",Jessee_-_2026_-_Scapegoat-as-a-service_moving_from_human-in-the-loop_to_human-in-command_in_regulated_systems.txt,/Users/scott/Zotero/storage/SIZR82B8/Jessee_-_2026_-_Scapegoat-as-a-service_moving_from_human-in-the-loop_to_human-in-command_in_regulated_systems.txt,1,42203
2CKL96B8,CAAKZSZE,Sarkar 2025,2025,The effect of AI tools on modern software development for frontend engineering: an empirical analysis,Sarkar_-_2025_-_The_effect_of_AI_tools_on_modern_software_development_for_frontend_engineering_an_empirical_analysi.txt,/Users/scott/Zotero/storage/CAAKZSZE/Sarkar_-_2025_-_The_effect_of_AI_tools_on_modern_software_development_for_frontend_engineering_an_empirical_analysi.txt,1,17531
9MV2IVNU,J9FBDPWK,Eze 2026,2026,Human-in-the-loop isn't a checkbox: designing meaningful intervention in automated AI decisions,Eze_-_2026_-_Human-in-the-loop_isn_t_a_checkbox_designing_meaningful_intervention_in_automated_AI_decisions.txt,/Users/scott/Zotero/storage/J9FBDPWK/Eze_-_2026_-_Human-in-the-loop_isn_t_a_checkbox_designing_meaningful_intervention_in_automated_AI_decisions.txt,1,48228
EB49Q8QM,F8W4GWJ4,Tilbury 2024,2024,The rationality of automation bias in security operation centers,Tilbury_and_Flowerday_-_2024_-_The_rationality_of_automation_bias_in_security_operation_centers.txt,/Users/scott/Zotero/storage/F8W4GWJ4/Tilbury_and_Flowerday_-_2024_-_The_rationality_of_automation_bias_in_security_operation_centers.txt,1,54647
DJMBHHZN,C5QCMMB9,Tisi 2025,2025,"MOSAICO: management, orchestration and supervision of AI-agent COmmunities for reliable AI in software engineering",Tisi_et_al._-_2025_-_MOSAICO_management_orchestration_and_supervision_of_AI-agent_COmmunities_for_reliable_AI_in_softwa.txt,/Users/scott/Zotero/storage/C5QCMMB9/Tisi_et_al._-_2025_-_MOSAICO_management_orchestration_and_supervision_of_AI-agent_COmmunities_for_reliable_AI_in_softwa.txt,1,29903
R9CDT9KB,2K4CN45T,A. Mahmud 2025,2025,Trust-calibrated multi-stage large language model pipeline for vulnerability assessment in DevSecOps workflows,A._Mahmud_et_al._-_2025_-_Trust-calibrated_multi-stage_large_language_model_pipeline_for_vulnerability_assessment_in_Dev.txt,/Users/scott/Zotero/storage/2K4CN45T/A._Mahmud_et_al._-_2025_-_Trust-calibrated_multi-stage_large_language_model_pipeline_for_vulnerability_assessment_in_Dev.txt,1,47518
Y4TIF9KW,J83F2GQZ,A. N. A. Hadee 2025,2025,"Code prism: a multi-agent, multi-LLM, semantic indexing artifact for regulatory code audits — a design science research study",A._N._A._Hadee_and_M._Riznee_-_2025_-_Code_prism_a_multi-agent_multi-LLM_semantic_indexing_artifact_for_regulatory_code_.txt,/Users/scott/Zotero/storage/J83F2GQZ/A._N._A._Hadee_and_M._Riznee_-_2025_-_Code_prism_a_multi-agent_multi-LLM_semantic_indexing_artifact_for_regulatory_code_.txt,1,23543
6DXZGHD9,XEU7PQ43,Al-Hashimi 2026,2026,A generative AI cybersecurity risks mitigation model for code generation: using ANN-ISM hybrid approach,Al-Hashimi_-_2026_-_A_generative_AI_cybersecurity_risks_mitigation_model_for_code_generation_using_ANN-ISM_hybrid_appro.txt,/Users/scott/Zotero/storage/XEU7PQ43/Al-Hashimi_-_2026_-_A_generative_AI_cybersecurity_risks_mitigation_model_for_code_generation_using_ANN-ISM_hybrid_appro.txt,1,214619
VG8PSMM7,NFVEZZI9,Adnyana 2026,2026,Benchmarking and validation of prompting techniques for AI-assisted industrial PLC programming,Adnyana_and_Schwung_-_2026_-_Benchmarking_and_validation_of_prompting_techniques_for_AI-assisted_industrial_PLC_programm.txt,/Users/scott/Zotero/storage/NFVEZZI9/Adnyana_and_Schwung_-_2026_-_Benchmarking_and_validation_of_prompting_techniques_for_AI-assisted_industrial_PLC_programm.txt,1,194637
WUUDHL8R,AMBM3A9S,Baumgartner 2024,2024,AI-driven refactoring: a pipeline for identifying and correcting data clumps in git repositories,Baumgartner_et_al._-_2024_-_AI-driven_refactoring_a_pipeline_for_identifying_and_correcting_data_clumps_in_git_repositor.txt,/Users/scott/Zotero/storage/AMBM3A9S/Baumgartner_et_al._-_2024_-_AI-driven_refactoring_a_pipeline_for_identifying_and_correcting_data_clumps_in_git_repositor.txt,1,91657
P837LJWE,TVRRWTHJ,Bhatnagar 2026,2026,Modernization of enterprise payment infrastructure: a case study on LLM-assisted migration of legacy distributed systems,Bhatnagar_-_2026_-_Modernization_of_enterprise_payment_infrastructure_a_case_study_on_LLM-assisted_migration_of_legacy.txt,/Users/scott/Zotero/storage/TVRRWTHJ/Bhatnagar_-_2026_-_Modernization_of_enterprise_payment_infrastructure_a_case_study_on_LLM-assisted_migration_of_legacy.txt,1,52747
YDJPALG6,DXB3RH98,Casserini 2026,2026,Beyond the 'Diff': Addressing Agentic Entropy in Agentic Software Development,Casserini_et_al._-_2026_-_Beyond_the_Diff_Addressing_Agentic_Entropy_in_Agentic_Software_Development.txt,/Users/scott/Zotero/storage/DXB3RH98/Casserini_et_al._-_2026_-_Beyond_the_Diff_Addressing_Agentic_Entropy_in_Agentic_Software_Development.txt,1,28840
5Q4G4CQB,JX24XNQT,D. O. Salem 2025,2025,AI-driven continuous integration: automating code review and deployment with LLMs,D._O._Salem_et_al._-_2025_-_AI-driven_continuous_integration_automating_code_review_and_deployment_with_LLMs.txt,/Users/scott/Zotero/storage/JX24XNQT/D._O._Salem_et_al._-_2025_-_AI-driven_continuous_integration_automating_code_review_and_deployment_with_LLMs.txt,1,29750
E3E5YA2E,N9VZDNT9,De La Cruz 2025,2025,"Redefining the programmer: human-AI collaboration, LLMs, and security in modern software engineering",De_La_Cruz_et_al._-_2025_-_Redefining_the_programmer_human-AI_collaboration_LLMs_and_security_in_modern_software_enginee.txt,/Users/scott/Zotero/storage/N9VZDNT9/De_La_Cruz_et_al._-_2025_-_Redefining_the_programmer_human-AI_collaboration_LLMs_and_security_in_modern_software_enginee.txt,1,46075
PDYJGF2R,ZKXQT6HD,Dora 2026,2026,The hidden risks of LLM-generated web application code: a security-centric evaluation of code generation capabilities in large language models,Dora_et_al._-_2026_-_The_hidden_risks_of_LLM-generated_web_application_code_a_security-centric_evaluation_of_code_genera.txt,/Users/scott/Zotero/storage/ZKXQT6HD/Dora_et_al._-_2026_-_The_hidden_risks_of_LLM-generated_web_application_code_a_security-centric_evaluation_of_code_genera.txt,1,27821
CI93QRUH,6RX6GVCK,E. A. González 2025,2025,HiLDE: intentional code generation via human-in-the-loop decoding,E._A._Gonz_lez_et_al._-_2025_-_HiLDE_intentional_code_generation_via_human-in-the-loop_decoding.txt,/Users/scott/Zotero/storage/6RX6GVCK/E._A._Gonz_lez_et_al._-_2025_-_HiLDE_intentional_code_generation_via_human-in-the-loop_decoding.txt,1,67180
399HN438,VUCXE8EQ,Dutta 2025,2025,Turbocharging pull request reviews: exploring generative AI for code review,Dutta_et_al._-_2025_-_Turbocharging_pull_request_reviews_exploring_generative_AI_for_code_review.txt,/Users/scott/Zotero/storage/VUCXE8EQ/Dutta_et_al._-_2025_-_Turbocharging_pull_request_reviews_exploring_generative_AI_for_code_review.txt,1,23103
WH2PIBNQ,C83VWI89,Elgendy 2026,2026,"Responsible vibe coding: architecture, opportunities, and research agenda",Elgendy_et_al._-_2026_-_Responsible_vibe_coding_architecture_opportunities_and_research_agenda.txt,/Users/scott/Zotero/storage/C83VWI89/Elgendy_et_al._-_2026_-_Responsible_vibe_coding_architecture_opportunities_and_research_agenda.txt,1,87735
LCPH3THV,7H7GUADU,He 2026,2026,"LLM-as-a-judge for software engineering: literature review, vision, and the road ahead",He_et_al._-_2026_-_LLM-as-a-judge_for_software_engineering_literature_review_vision_and_the_road_ahead.txt,/Users/scott/Zotero/storage/7H7GUADU/He_et_al._-_2026_-_LLM-as-a-judge_for_software_engineering_literature_review_vision_and_the_road_ahead.txt,1,116762
F9JM9CI6,6SQQHZFE,Heander 2025,2025,"Support, not automation: towards AI-supported code review for code quality and beyond",Heander_et_al._-_2025_-_Support_Not_Automation_Towards_AI-supported_Code_Review_For_Code_Quality_and_Beyond.txt,/Users/scott/Zotero/storage/6SQQHZFE/Heander_et_al._-_2025_-_Support_Not_Automation_Towards_AI-supported_Code_Review_For_Code_Quality_and_Beyond.txt,1,29848
HJMKADKU,CGN8FV79,J. E. Naulty 2025,2025,Bugdar: AI-augmented secure code review for GitHub pull requests,J._E._Naulty_et_al._-_2025_-_Bugdar_AI-augmented_secure_code_review_for_GitHub_pull_requests.txt,/Users/scott/Zotero/storage/CGN8FV79/J._E._Naulty_et_al._-_2025_-_Bugdar_AI-augmented_secure_code_review_for_GitHub_pull_requests.txt,1,20850
YA7XNWYE,RQJPSZHH,Ji 2024,2024,Cybersecurity risks of AI-generated code,Ji_et_al._-_2024_-_Cybersecurity_risks_of_AI-generated_code.txt,/Users/scott/Zotero/storage/RQJPSZHH/Ji_et_al._-_2024_-_Cybersecurity_risks_of_AI-generated_code.txt,1,85237
8MXATG38,CB9I6FRZ,Karuppuchamy 2026,2026,AI-augmented software engineering for rapid feature delivery and operations automation,Karuppuchamy_-_2026_-_AI-augmented_software_engineering_for_rapid_feature_delivery_and_operations_automation.txt,/Users/scott/Zotero/storage/CB9I6FRZ/Karuppuchamy_-_2026_-_AI-augmented_software_engineering_for_rapid_feature_delivery_and_operations_automation.txt,1,38425
5I2W8IC6,7W294DAT,Khati 2025,2025,Mapping the trust terrain: LLMs in software engineering - insights and perspectives,Khati_et_al._-_2025_-_Mapping_the_trust_terrain_LLMs_in_software_engineering_-_insights_and_perspectives.txt,/Users/scott/Zotero/storage/7W294DAT/Khati_et_al._-_2025_-_Mapping_the_trust_terrain_LLMs_in_software_engineering_-_insights_and_perspectives.txt,1,153749
PD297DUM,J4ZN3ERV,Kudriavtseva 2025,2025,My code is less secure with gen AI: surveying developers' perceptions of the impact of code generation tools on security,Kudriavtseva_et_al._-_2025_-_My_code_is_less_secure_with_gen_AI_surveying_developers_perceptions_of_the_impact_of_code_g.txt,/Users/scott/Zotero/storage/J4ZN3ERV/Kudriavtseva_et_al._-_2025_-_My_code_is_less_secure_with_gen_AI_surveying_developers_perceptions_of_the_impact_of_code_g.txt,1,61769
R4WJZBSF,EJQ3UWGZ,L. Vanam 2025,2025,A framework for quantifying ethical and regulatory risks in big data analytics and AI-assisted banking software development,L._Vanam_et_al._-_2025_-_A_framework_for_quantifying_ethical_and_regulatory_risks_in_big_data_analytics_and_AI-assisted_.txt,/Users/scott/Zotero/storage/EJQ3UWGZ/L._Vanam_et_al._-_2025_-_A_framework_for_quantifying_ethical_and_regulatory_risks_in_big_data_analytics_and_AI-assisted_.txt,1,25796
ZSB2S59N,9E8M6NIF,Kumar 2026,2026,Designing guardrails: ensuring responsible AI behavior,Kumar_-_2026_-_Designing_guardrails_ensuring_responsible_AI_behavior.txt,/Users/scott/Zotero/storage/9E8M6NIF/Kumar_-_2026_-_Designing_guardrails_ensuring_responsible_AI_behavior.txt,1,105096
5DCQDB4C,E4G3HASE,Langer 2024,2024,Effective human oversight of AI-based systems: a signal detection perspective on the detection of inaccurate and unfair outputs,Langer_et_al._-_2024_-_Effective_Human_Oversight_of_AI-Based_Systems_A_Signal_Detection_Perspective_on_the_Detection_of_.txt,/Users/scott/Zotero/storage/E4G3HASE/Langer_et_al._-_2024_-_Effective_Human_Oversight_of_AI-Based_Systems_A_Signal_Detection_Perspective_on_the_Detection_of_.txt,1,108959
BLR3XE3I,H7WQPPND,Li 2026,2026,"Vibe Coding in Product Teams: Reconfiguring AI-Assisted Workflows, Prototyping, and Collaboration",Li_et_al._-_2026_-_Vibe_Coding_in_Product_Teams_Reconfiguring_AI-Assisted_Workflows_Prototyping_and_Collaboration.txt,/Users/scott/Zotero/storage/H7WQPPND/Li_et_al._-_2026_-_Vibe_Coding_in_Product_Teams_Reconfiguring_AI-Assisted_Workflows_Prototyping_and_Collaboration.txt,1,115229
XZEHQYNZ,AWEJA6SG,M. Tuape 2025,2025,Architecting trust: designing human oversight and accountability for AI-driven software engineering under the EU AI act,M._Tuape_et_al._-_2025_-_Architecting_trust_designing_human_oversight_and_accountability_for_AI-driven_software_engineer.txt,/Users/scott/Zotero/storage/AWEJA6SG/M._Tuape_et_al._-_2025_-_Architecting_trust_designing_human_oversight_and_accountability_for_AI-driven_software_engineer.txt,1,42102
84D2AMVM,5G45SHJT,McKay 2024,2024,Realizing the promise of AI governance involving humans-in-the-loop,McKay_-_2024_-_Realizing_the_promise_of_AI_governance_involving_humans-in-the-loop.txt,/Users/scott/Zotero/storage/5G45SHJT/McKay_-_2024_-_Realizing_the_promise_of_AI_governance_involving_humans-in-the-loop.txt,1,53215
6ZW9QNQH,H6P8I6ZQ,Mitchell 2025,2025,Position: vibe coding needs vibe reasoning: improving vibe coding with formal verification,Mitchell_and_Shaaban_-_2025_-_Position_vibe_coding_needs_vibe_reasoning_improving_vibe_coding_with_formal_verification.txt,/Users/scott/Zotero/storage/H6P8I6ZQ/Mitchell_and_Shaaban_-_2025_-_Position_vibe_coding_needs_vibe_reasoning_improving_vibe_coding_with_formal_verification.txt,1,39047
4AXDVW7J,HDJ6PDD7,Migliarini 2026,2026,Ethical prompt engineering for AI-driven SE: evidence-informed interaction-time governance roadmap to 2030,Migliarini_et_al._-_2026_-_Ethical_prompt_engineering_for_AI-driven_SE_evidence-informed_interaction-time_governance_roa.txt,/Users/scott/Zotero/storage/HDJ6PDD7/Migliarini_et_al._-_2026_-_Ethical_prompt_engineering_for_AI-driven_SE_evidence-informed_interaction-time_governance_roa.txt,1,195021
M74M3RFJ,WII64DQB,Momcilovic 2024,2024,Developing assurance cases for adversarial robustness and regulatory compliance in LLMs,Momcilovic_et_al._-_2024_-_Developing_assurance_cases_for_adversarial_robustness_and_regulatory_compliance_in_LLMs.txt,/Users/scott/Zotero/storage/WII64DQB/Momcilovic_et_al._-_2024_-_Developing_assurance_cases_for_adversarial_robustness_and_regulatory_compliance_in_LLMs.txt,1,30608
VG6CIDQW,D9NE9N5D,N. Goel 2025,2025,Lumen: developer agency through transparent context control in AI-assisted programming,N._Goel_and_G._Melo_-_2025_-_Lumen_developer_agency_through_transparent_context_control_in_AI-assisted_programming.txt,/Users/scott/Zotero/storage/D9NE9N5D/N._Goel_and_G._Melo_-_2025_-_Lumen_developer_agency_through_transparent_context_control_in_AI-assisted_programming.txt,1,51771
QUXRX9ZL,PGZ7PKJN,N. Yanev 2025,2025,The prompt–refactor–verify (PRV) cycle: a human-centered framework for AI-assisted programming,N._Yanev_et_al._-_2025_-_The_prompt_refactor_verify_PRV_cycle_a_human-centered_framework_for_AI-assisted_programming.txt,/Users/scott/Zotero/storage/PGZ7PKJN/N._Yanev_et_al._-_2025_-_The_prompt_refactor_verify_PRV_cycle_a_human-centered_framework_for_AI-assisted_programming.txt,1,25464
5RKMGRNA,IJVWBJXP,Nimraka 2025,2025,An agentic-AI solution for intelligent code review,Nimraka_et_al._-_2025_-_An_agentic-AI_solution_for_intelligent_code_review.txt,/Users/scott/Zotero/storage/IJVWBJXP/Nimraka_et_al._-_2025_-_An_agentic-AI_solution_for_intelligent_code_review.txt,1,27853
4FGIVVTG,F4J53GZB,Omidvar-Tehrani 2024,2024,Evaluating human-AI partnership for LLM-based code migration,Omidvar-Tehrani_et_al._-_2024_-_Evaluating_human-AI_partnership_for_LLM-based_code_migration.txt,/Users/scott/Zotero/storage/F4J53GZB/Omidvar-Tehrani_et_al._-_2024_-_Evaluating_human-AI_partnership_for_LLM-based_code_migration.txt,1,45087
N7E3MR2V,RGD4H5UB,P. R. P 2025,2025,SDLC AutoPilot AI: agentic automation of software development life cycle,P._R._P_et_al._-_2025_-_SDLC_AutoPilot_AI_agentic_automation_of_software_development_life_cycle.txt,/Users/scott/Zotero/storage/RGD4H5UB/P._R._P_et_al._-_2025_-_SDLC_AutoPilot_AI_agentic_automation_of_software_development_life_cycle.txt,1,34993
HJGKKX9S,KST6A8WV,Pasuksmit 2025,2025,Human-In-the-loop software development agents: challenges and future directions,Pasuksmit_et_al._-_2025_-_Human-In-the-loop_software_development_agents_challenges_and_future_directions.txt,/Users/scott/Zotero/storage/KST6A8WV/Pasuksmit_et_al._-_2025_-_Human-In-the-loop_software_development_agents_challenges_and_future_directions.txt,1,7377
YBHHYR4P,VUWZSGJN,Perry 2023,2023,Do users write more insecure code with AI assistants?,Perry_et_al._-_2023_-_Do_users_write_more_insecure_code_with_AI_assistants.txt,/Users/scott/Zotero/storage/VUWZSGJN/Perry_et_al._-_2023_-_Do_users_write_more_insecure_code_with_AI_assistants.txt,1,80195
D87A4CAS,UZ7FHVJQ,Şeker 2026,2026,Enhancing software development with large language models: a case study of kolay.ai,_eker_and_Nizam-_zo_ur_-_2026_-_Enhancing_software_development_with_large_language_models_a_case_study_of_kolay.ai.txt,/Users/scott/Zotero/storage/UZ7FHVJQ/_eker_and_Nizam-_zo_ur_-_2026_-_Enhancing_software_development_with_large_language_models_a_case_study_of_kolay.ai.txt,1,55423
6TZHUCMD,R83D5APH,Sharma 2026,2026,Source code guardrail: AI driven solution to distinguish critical vs. Generic code for enterprise LLM security,Sharma_and_Gupta_-_2026_-_Source_code_guardrail_AI_driven_solution_to_distinguish_critical_vs._Generic_code_for_enterpri.txt,/Users/scott/Zotero/storage/R83D5APH/Sharma_and_Gupta_-_2026_-_Source_code_guardrail_AI_driven_solution_to_distinguish_critical_vs._Generic_code_for_enterpri.txt,1,24509
UW2R6BBJ,XMJKTG8R,Sudarsan 2025,2025,Secure AI-SDLC for critical infrastructure: operationalizing the NIST AI RMF with evidence-driven controls,Sudarsan_et_al._-_2025_-_Secure_AI-SDLC_for_critical_infrastructure_operationalizing_the_NIST_AI_RMF_with_evidence-drive.txt,/Users/scott/Zotero/storage/XMJKTG8R/Sudarsan_et_al._-_2025_-_Secure_AI-SDLC_for_critical_infrastructure_operationalizing_the_NIST_AI_RMF_with_evidence-drive.txt,1,37969
GCZQTNBD,UUQTUJA4,Sollenberger 2025,2025,LLM4VV: exploring LLM-as-a-judge for validation and verification testsuites,SCW63240.2024.00238.txt,/Users/scott/Zotero/storage/UUQTUJA4/SCW63240.2024.00238.txt,1,41915
LB84WJKI,JVXEWBHR,Takerngsaksiri 2025,2025,Human-In-the-loop software development agents,Takerngsaksiri_et_al._-_2025_-_Human-In-the-loop_software_development_agents.txt,/Users/scott/Zotero/storage/JVXEWBHR/Takerngsaksiri_et_al._-_2025_-_Human-In-the-loop_software_development_agents.txt,1,66217
WZCULPXN,BGTZT35I,Sulova 2025,2025,Artificial intelligence tools in web application development – advantages and challenges,Sulova_-_2025_-_Artificial_intelligence_tools_in_web_application_development_advantages_and_challenges.txt,/Users/scott/Zotero/storage/BGTZT35I/Sulova_-_2025_-_Artificial_intelligence_tools_in_web_application_development_advantages_and_challenges.txt,1,25553
B4TVIG5Y,GM668TWW,Tereci 2026,2026,Toward a maturity model for AI-assisted software development: conceptual framework and research agenda,Tereci_et_al._-_2026_-_Toward_a_maturity_model_for_AI-assisted_software_development_conceptual_framework_and_research_ag.txt,/Users/scott/Zotero/storage/GM668TWW/Tereci_et_al._-_2026_-_Toward_a_maturity_model_for_AI-assisted_software_development_conceptual_framework_and_research_ag.txt,1,33809
WRXR2VTP,ECAPQUD6,Wang 2026,2026,VibeContract: the missing quality assurance piece in vibe coding,Wang_-_2026_-_VibeContract_the_missing_quality_assurance_piece_in_vibe_coding.txt,/Users/scott/Zotero/storage/ECAPQUD6/Wang_-_2026_-_VibeContract_the_missing_quality_assurance_piece_in_vibe_coding.txt,1,27391
PPMTM4DG,9BU7N8J4,X. Yu 2024,2024,Fight fire with fire: how much can we trust ChatGPT on source code-related tasks?,X._Yu_et_al._-_2024_-_Fight_fire_with_fire_how_much_can_we_trust_ChatGPT_on_source_code-related_tasks.txt,/Users/scott/Zotero/storage/9BU7N8J4/X._Yu_et_al._-_2024_-_Fight_fire_with_fire_how_much_can_we_trust_ChatGPT_on_source_code-related_tasks.txt,1,109563
VZ27QUPQ,75XPWKKA,Zhuo 2026,2026,Identifying and mitigating API misuse in large language models,Zhuo_et_al._-_2026_-_Identifying_and_mitigating_API_misuse_in_large_language_models.txt,/Users/scott/Zotero/storage/75XPWKKA/Zhuo_et_al._-_2026_-_Identifying_and_mitigating_API_misuse_in_large_language_models.txt,1,109769
22JBEZNK,IT9EA94D,Virk 2025,2025,Non-programmers assessing AI-generated code: a case study of business users analyzing data,Virk_and_Liu_-_2025_-_Non-programmers_assessing_AI-generated_code_a_case_study_of_business_users_analyzing_data.txt,/Users/scott/Zotero/storage/IT9EA94D/Virk_and_Liu_-_2025_-_Non-programmers_assessing_AI-generated_code_a_case_study_of_business_users_analyzing_data.txt,1,33405
